일시,가격
2010-01-01,1883
2010-01-02,1883
2010-01-03,1883
2010-01-04,1883
2010-01-05,1783
2010-01-06,1950
2010-01-07,1950
2010-01-08,1707
2010-01-09,1707
2010-01-10,1707
2010-01-11,1573
2010-01-12,1582
2010-01-13,1715
2010-01-14,1410
2010-01-15,1633
2010-01-16,1633
2010-01-17,1633
2010-01-18,1747
2010-01-19,1747
2010-01-20,1800
2010-01-21,1700
2010-01-22,1698
2010-01-23,1698
2010-01-24,1698
2010-01-25,1698
2010-01-26,1698
2010-01-27,1700
2010-01-28,1733
2010-01-29,1733
2010-01-30,1733
2010-01-31,1733
2010-02-01,1733
2010-02-02,1733
2010-02-03,1733
2010-02-04,1733
2010-02-05,1633
2010-02-06,1633
2010-02-07,1633
2010-02-08,1415
2010-02-09,1413
2010-02-10,1365
2010-02-11,1365
2010-02-12,1398
2010-02-13,1398
2010-02-14,1398
2010-02-15,1398
2010-02-16,1442
2010-02-17,1584
2010-02-18,1733
2010-02-19,1733
2010-02-20,1733
2010-02-21,1733
2010-02-22,1612
2010-02-23,1678
2010-02-24,1678
2010-02-25,1587
2010-02-26,1453
2010-02-27,1453
2010-02-28,1453
2010-03-01,1453
2010-03-02,1488
2010-03-03,1398
2010-03-04,1564
2010-03-05,1428
2010-03-06,1428
2010-03-07,1428
2010-03-08,1473
2010-03-09,1495
2010-03-10,1445
2010-03-11,1595
2010-03-12,1518
2010-03-13,1518
2010-03-14,1518
2010-03-15,1518
2010-03-16,1518
2010-03-17,1518
2010-03-18,1640
2010-03-19,1678
2010-03-20,1678
2010-03-21,1678
2010-03-22,1695
2010-03-23,1695
2010-03-24,1423
2010-03-25,1512
2010-03-26,1445
2010-03-27,1445
2010-03-28,1445
2010-03-29,1445
2010-03-30,1445
2010-03-31,1450
2010-04-01,1504
2010-04-02,1344
2010-04-03,1344
2010-04-04,1344
2010-04-05,1344
2010-04-06,1344
2010-04-07,1344
2010-04-08,1544
2010-04-09,1644
2010-04-10,1644
2010-04-11,1644
2010-04-12,1784
2010-04-13,1784
2010-04-14,1784
2010-04-15,1524
2010-04-16,1482
2010-04-17,1482
2010-04-18,1482
2010-04-19,1484
2010-04-20,1484
2010-04-21,1484
2010-04-22,1624
2010-04-23,1624
2010-04-24,1624
2010-04-25,1624
2010-04-26,1744
2010-04-27,1744
2010-04-28,1664
2010-04-29,1464
2010-04-30,1364
2010-05-01,1364
2010-05-02,1364
2010-05-03,1584
2010-05-04,1584
2010-05-05,1584
2010-05-06,1584
2010-05-07,1624
2010-05-08,1624
2010-05-09,1624
2010-05-10,1744
2010-05-11,1804
2010-05-12,1804
2010-05-13,1724
2010-05-14,1584
2010-05-15,1584
2010-05-16,1584
2010-05-17,1604
2010-05-18,1604
2010-05-19,1604
2010-05-20,1704
2010-05-21,1704
2010-05-22,1704
2010-05-23,1704
2010-05-24,1824
2010-05-25,1884
2010-05-26,1884
2010-05-27,1844
2010-05-28,1844
2010-05-29,1844
2010-05-30,1844
2010-05-31,1658
2010-06-01,1618
2010-06-02,1618
2010-06-03,1764
2010-06-04,1764
2010-06-05,1764
2010-06-06,1764
2010-06-07,1664
2010-06-08,1664
2010-06-09,1664
2010-06-10,1604
2010-06-11,1604
2010-06-12,1604
2010-06-13,1604
2010-06-14,1544
2010-06-15,1544
2010-06-16,1544
2010-06-17,1498
2010-06-18,1498
2010-06-19,1498
2010-06-20,1498
2010-06-21,1498
2010-06-22,1498
2010-06-23,1498
2010-06-24,1604
2010-06-25,1604
2010-06-26,1604
2010-06-27,1604
2010-06-28,1664
2010-06-29,1664
2010-06-30,1664
2010-07-01,1664
2010-07-02,1704
2010-07-03,1704
2010-07-04,1704
2010-07-05,1584
2010-07-06,1724
2010-07-07,1724
2010-07-08,1584
2010-07-09,1584
2010-07-10,1584
2010-07-11,1584
2010-07-12,1584
2010-07-13,1584
2010-07-14,1584
2010-07-15,1604
2010-07-16,1604
2010-07-17,1604
2010-07-18,1604
2010-07-19,1684
2010-07-20,1684
2010-07-21,1744
2010-07-22,1552
2010-07-23,1552
2010-07-24,1552
2010-07-25,1552
2010-07-26,1532
2010-07-27,1532
2010-07-28,1532
2010-07-29,1684
2010-07-30,1684
2010-07-31,1684
2010-08-01,1684
2010-08-02,1684
2010-08-03,1684
2010-08-04,1684
2010-08-05,1664
2010-08-06,1664
2010-08-07,1664
2010-08-08,1664
2010-08-09,1724
2010-08-10,1724
2010-08-11,1724
2010-08-12,1704
2010-08-13,1704
2010-08-14,1704
2010-08-15,1704
2010-08-16,1704
2010-08-17,1704
2010-08-18,1704
2010-08-19,1764
2010-08-20,1764
2010-08-21,1764
2010-08-22,1764
2010-08-23,1744
2010-08-24,1744
2010-08-25,1744
2010-08-26,1744
2010-08-27,1824
2010-08-28,1824
2010-08-29,1824
2010-08-30,1764
2010-08-31,1764
2010-09-01,1904
2010-09-02,1704
2010-09-03,1704
2010-09-04,1704
2010-09-05,1704
2010-09-06,1624
2010-09-07,1724
2010-09-08,1724
2010-09-09,1466
2010-09-10,1466
2010-09-11,1466
2010-09-12,1466
2010-09-13,1466
2010-09-14,1566
2010-09-15,1566
2010-09-16,1864
2010-09-17,1864
2010-09-18,1864
2010-09-19,1864
2010-09-20,1864
2010-09-21,1864
2010-09-22,1864
2010-09-23,1864
2010-09-24,1704
2010-09-25,1704
2010-09-26,1704
2010-09-27,1684
2010-09-28,1684
2010-09-29,1684
2010-09-30,1604
2010-10-01,1544
2010-10-02,1544
2010-10-03,1544
2010-10-04,1704
2010-10-05,1704
2010-10-06,1864
2010-10-07,1484
2010-10-08,1484
2010-10-09,1484
2010-10-10,1484
2010-10-11,1484
2010-10-12,1344
2010-10-13,1344
2010-10-14,1504
2010-10-15,1504
2010-10-16,1504
2010-10-17,1504
2010-10-18,1644
2010-10-19,1644
2010-10-20,1644
2010-10-21,1664
2010-10-22,1664
2010-10-23,1664
2010-10-24,1664
2010-10-25,1604
2010-10-26,1604
2010-10-27,1604
2010-10-28,1290
2010-10-29,1290
2010-10-30,1290
2010-10-31,1290
2010-11-01,1230
2010-11-02,1230
2010-11-03,1230
2010-11-04,1644
2010-11-05,1644
2010-11-06,1644
2010-11-07,1644
2010-11-08,1644
2010-11-09,1704
2010-11-10,1704
2010-11-11,1604
2010-11-12,1604
2010-11-13,1604
2010-11-14,1604
2010-11-15,1604
2010-11-16,1604
2010-11-17,1624
2010-11-18,1524
2010-11-19,1524
2010-11-20,1524
2010-11-21,1524
2010-11-22,1524
2010-11-23,1524
2010-11-24,1524
2010-11-25,1524
2010-11-26,1524
2010-11-27,1524
2010-11-28,1524
2010-11-29,1584
2010-11-30,1584
2010-12-01,1502
2010-12-02,1418
2010-12-03,1418
2010-12-04,1418
2010-12-05,1418
2010-12-06,1418
2010-12-07,1444
2010-12-08,1444
2010-12-09,1384
2010-12-10,1384
2010-12-11,1384
2010-12-12,1384
2010-12-13,1384
2010-12-14,1384
2010-12-15,1404
2010-12-16,1624
2010-12-17,1624
2010-12-18,1624
2010-12-19,1624
2010-12-20,1744
2010-12-21,1784
2010-12-22,1744
2010-12-23,1564
2010-12-24,1444
2010-12-25,1444
2010-12-26,1444
2010-12-27,1458
2010-12-28,1458
2010-12-29,1458
2010-12-30,1564
2010-12-31,1564
2011-01-01,1564
2011-01-02,1564
2011-01-03,1738
2011-01-04,1738
2011-01-05,1738
2011-01-06,1538
2011-01-07,1538
2011-01-08,1538
2011-01-09,1538
2011-01-10,1543
2011-01-11,1543
2011-01-12,1543
2011-01-13,1677
2011-01-14,1677
2011-01-15,1677
2011-01-16,1677
2011-01-17,1677
2011-01-18,1743
2011-01-19,1743
2011-01-20,1793
2011-01-21,1793
2011-01-22,1793
2011-01-23,1793
2011-01-24,1665
2011-01-25,1722
2011-01-26,1722
2011-01-27,1665
2011-01-28,1665
2011-01-29,1665
2011-01-30,1665
2011-01-31,1942
2011-02-01,1912
2011-02-02,1912
2011-02-03,1912
2011-02-04,1912
2011-02-05,1912
2011-02-06,1912
2011-02-07,2297
2011-02-08,1997
2011-02-09,2047
2011-02-10,1845
2011-02-11,1795
2011-02-12,1795
2011-02-13,1795
2011-02-14,1922
2011-02-15,1938
2011-02-16,1938
2011-02-17,2092
2011-02-18,2077
2011-02-19,2077
2011-02-20,2077
2011-02-21,2018
2011-02-22,2018
2011-02-23,1835
2011-02-24,1682
2011-02-25,1682
2011-02-26,1682
2011-02-27,1682
2011-02-28,1760
2011-03-01,1760
2011-03-02,1760
2011-03-03,1697
2011-03-04,1780
2011-03-05,1780
2011-03-06,1780
2011-03-07,1762
2011-03-08,1762
2011-03-09,1762
2011-03-10,1762
2011-03-11,1762
2011-03-12,1762
2011-03-13,1762
2011-03-14,1793
2011-03-15,1793
2011-03-16,1793
2011-03-17,1793
2011-03-18,1793
2011-03-19,1793
2011-03-20,1793
2011-03-21,1783
2011-03-22,1783
2011-03-23,1783
2011-03-24,1783
2011-03-25,1783
2011-03-26,1783
2011-03-27,1783
2011-03-28,1737
2011-03-29,1737
2011-03-30,1737
2011-03-31,1737
2011-04-01,1737
2011-04-02,1737
2011-04-03,1737
2011-04-04,1853
2011-04-05,1867
2011-04-06,1867
2011-04-07,1917
2011-04-08,1868
2011-04-09,1868
2011-04-10,1868
2011-04-11,1867
2011-04-12,1867
2011-04-13,1867
2011-04-14,1917
2011-04-15,1917
2011-04-16,1917
2011-04-17,1917
2011-04-18,2027
2011-04-19,2027
2011-04-20,2027
2011-04-21,1743
2011-04-22,1743
2011-04-23,1743
2011-04-24,1743
2011-04-25,1743
2011-04-26,1717
2011-04-27,1717
2011-04-28,1800
2011-04-29,1867
2011-04-30,1867
2011-05-01,1867
2011-05-02,1818
2011-05-03,1817
2011-05-04,1817
2011-05-05,1817
2011-05-06,1753
2011-05-07,1753
2011-05-08,1753
2011-05-09,1985
2011-05-10,1985
2011-05-11,1985
2011-05-12,2085
2011-05-13,2085
2011-05-14,2085
2011-05-15,2085
2011-05-16,2125
2011-05-17,2125
2011-05-18,2188
2011-05-19,2105
2011-05-20,2055
2011-05-21,2055
2011-05-22,2055
2011-05-23,2075
2011-05-24,1925
2011-05-25,1925
2011-05-26,2075
2011-05-27,2142
2011-05-28,2142
2011-05-29,2142
2011-05-30,2287
2011-05-31,2275
2011-06-01,2242
2011-06-02,2308
2011-06-03,2375
2011-06-04,2375
2011-06-05,2375
2011-06-06,2375
2011-06-07,2317
2011-06-08,2317
2011-06-09,2317
2011-06-10,2333
2011-06-11,2333
2011-06-12,2333
2011-06-13,2338
2011-06-14,2333
2011-06-15,2408
2011-06-16,2333
2011-06-17,2338
2011-06-18,2338
2011-06-19,2338
2011-06-20,2355
2011-06-21,2355
2011-06-22,2350
2011-06-23,2355
2011-06-24,2355
2011-06-25,2355
2011-06-26,2355
2011-06-27,2388
2011-06-28,2388
2011-06-29,2388
2011-06-30,2235
2011-07-01,2167
2011-07-02,2167
2011-07-03,2167
2011-07-04,2167
2011-07-05,2167
2011-07-06,2167
2011-07-07,2217
2011-07-08,2217
2011-07-09,2217
2011-07-10,2217
2011-07-11,2217
2011-07-12,2217
2011-07-13,2320
2011-07-14,2320
2011-07-15,2233
2011-07-16,2233
2011-07-17,2233
2011-07-18,2320
2011-07-19,2320
2011-07-20,2320
2011-07-21,2320
2011-07-22,2285
2011-07-23,2285
2011-07-24,2285
2011-07-25,2285
2011-07-26,2252
2011-07-27,2252
2011-07-28,2047
2011-07-29,2047
2011-07-30,2047
2011-07-31,2047
2011-08-01,2115
2011-08-02,2095
2011-08-03,2095
2011-08-04,2095
2011-08-05,2095
2011-08-06,2095
2011-08-07,2095
2011-08-08,2118
2011-08-09,2118
2011-08-10,2118
2011-08-11,2068
2011-08-12,2068
2011-08-13,2068
2011-08-14,2068
2011-08-15,2068
2011-08-16,2057
2011-08-17,2057
2011-08-18,2157
2011-08-19,2112
2011-08-20,2112
2011-08-21,2112
2011-08-22,2107
2011-08-23,2023
2011-08-24,2045
2011-08-25,2167
2011-08-26,2167
2011-08-27,2167
2011-08-28,2167
2011-08-29,2077
2011-08-30,2093
2011-08-31,1970
2011-09-01,1987
2011-09-02,1910
2011-09-03,1910
2011-09-04,1910
2011-09-05,1860
2011-09-06,1860
2011-09-07,1915
2011-09-08,1915
2011-09-09,1937
2011-09-10,1937
2011-09-11,1937
2011-09-12,1937
2011-09-13,1937
2011-09-14,1953
2011-09-15,1915
2011-09-16,1915
2011-09-17,1915
2011-09-18,1915
2011-09-19,1915
2011-09-20,1930
2011-09-21,1930
2011-09-22,1830
2011-09-23,1830
2011-09-24,1830
2011-09-25,1830
2011-09-26,1813
2011-09-27,1808
2011-09-28,1808
2011-09-29,1817
2011-09-30,1740
2011-10-01,1740
2011-10-02,1740
2011-10-03,1740
2011-10-04,1602
2011-10-05,1602
2011-10-06,1762
2011-10-07,1783
2011-10-08,1783
2011-10-09,1783
2011-10-10,1683
2011-10-11,1683
2011-10-12,1683
2011-10-13,1795
2011-10-14,1770
2011-10-15,1770
2011-10-16,1770
2011-10-17,1770
2011-10-18,1770
2011-10-19,1770
2011-10-20,1800
2011-10-21,1695
2011-10-22,1695
2011-10-23,1695
2011-10-24,1763
2011-10-25,1763
2011-10-26,1763
2011-10-27,1492
2011-10-28,1435
2011-10-29,1435
2011-10-30,1435
2011-10-31,1417
2011-11-01,1417
2011-11-02,1417
2011-11-03,1598
2011-11-04,1462
2011-11-05,1462
2011-11-06,1462
2011-11-07,1680
2011-11-08,1572
2011-11-09,1610
2011-11-10,1682
2011-11-11,1610
2011-11-12,1610
2011-11-13,1610
2011-11-14,1667
2011-11-15,1690
2011-11-16,1707
2011-11-17,1563
2011-11-18,1608
2011-11-19,1608
2011-11-20,1608
2011-11-21,1648
2011-11-22,1698
2011-11-23,1698
2011-11-24,2003
2011-11-25,2047
2011-11-26,2047
2011-11-27,2047
2011-11-28,2047
2011-11-29,2047
2011-11-30,1932
2011-12-01,1932
2011-12-02,1927
2011-12-03,1927
2011-12-04,1927
2011-12-05,1938
2011-12-06,1872
2011-12-07,1872
2011-12-08,1977
2011-12-09,1977
2011-12-10,1977
2011-12-11,1977
2011-12-12,2098
2011-12-13,1977
2011-12-14,1977
2011-12-15,2182
2011-12-16,2093
2011-12-17,2093
2011-12-18,2093
2011-12-19,2127
2011-12-20,2127
2011-12-21,2127
2011-12-22,1943
2011-12-23,1943
2011-12-24,1943
2011-12-25,1943
2011-12-26,1943
2011-12-27,1943
2011-12-28,1943
2011-12-29,2042
2011-12-30,2042
2011-12-31,2042
2012-01-01,2042
2012-01-02,1992
2012-01-03,2020
2012-01-04,2020
2012-01-05,1975
2012-01-06,1953
2012-01-07,1953
2012-01-08,1953
2012-01-09,1913
2012-01-10,1913
2012-01-11,1835
2012-01-12,1667
2012-01-13,1617
2012-01-14,1617
2012-01-15,1617
2012-01-16,1617
2012-01-17,1617
2012-01-18,1617
2012-01-19,1890
2012-01-20,1777
2012-01-21,1777
2012-01-22,1777
2012-01-23,1777
2012-01-24,1777
2012-01-25,1777
2012-01-26,1777
2012-01-27,1777
2012-01-28,1777
2012-01-29,1777
2012-01-30,1865
2012-01-31,1865
2012-02-01,1710
2012-02-02,1600
2012-02-03,1600
2012-02-04,1600
2012-02-05,1600
2012-02-06,1579
2012-02-07,1604
2012-02-08,1626
2012-02-09,1530
2012-02-10,1516
2012-02-11,1516
2012-02-12,1516
2012-02-13,1516
2012-02-14,1516
2012-02-15,1516
2012-02-16,1523
2012-02-17,1523
2012-02-18,1523
2012-02-19,1523
2012-02-20,1537
2012-02-21,1537
2012-02-22,1551
2012-02-23,1609
2012-02-24,1609
2012-02-25,1609
2012-02-26,1609
2012-02-27,1611
2012-02-28,1611
2012-02-29,1540
2012-03-01,1540
2012-03-02,1394
2012-03-03,1394
2012-03-04,1394
2012-03-05,1394
2012-03-06,1394
2012-03-07,1394
2012-03-08,1587
2012-03-09,1587
2012-03-10,1587
2012-03-11,1587
2012-03-12,1630
2012-03-13,1630
2012-03-14,1630
2012-03-15,1486
2012-03-16,1486
2012-03-17,1486
2012-03-18,1486
2012-03-19,1587
2012-03-20,1566
2012-03-21,1637
2012-03-22,1701
2012-03-23,1611
2012-03-24,1611
2012-03-25,1611
2012-03-26,1593
2012-03-27,1664
2012-03-28,1607
2012-03-29,1569
2012-03-30,1569
2012-03-31,1569
2012-04-01,1569
2012-04-02,1583
2012-04-03,1569
2012-04-04,1626
2012-04-05,1447
2012-04-06,1447
2012-04-07,1447
2012-04-08,1447
2012-04-09,1390
2012-04-10,1390
2012-04-11,1390
2012-04-12,1529
2012-04-13,1529
2012-04-14,1529
2012-04-15,1529
2012-04-16,1554
2012-04-17,1554
2012-04-18,1611
2012-04-19,1654
2012-04-20,1650
2012-04-21,1650
2012-04-22,1650
2012-04-23,1593
2012-04-24,1593
2012-04-25,1626
2012-04-26,1587
2012-04-27,1587
2012-04-28,1587
2012-04-29,1587
2012-04-30,1554
2012-05-01,1554
2012-05-02,1526
2012-05-03,1564
2012-05-04,1564
2012-05-05,1564
2012-05-06,1564
2012-05-07,1564
2012-05-08,1564
2012-05-09,1650
2012-05-10,1549
2012-05-11,1549
2012-05-12,1549
2012-05-13,1549
2012-05-14,1606
2012-05-15,1563
2012-05-16,1563
2012-05-17,1630
2012-05-18,1601
2012-05-19,1601
2012-05-20,1601
2012-05-21,1597
2012-05-22,1679
2012-05-23,1650
2012-05-24,1731
2012-05-25,1731
2012-05-26,1731
2012-05-27,1731
2012-05-28,1731
2012-05-29,1821
2012-05-30,1850
2012-05-31,1883
2012-06-01,1860
2012-06-02,1860
2012-06-03,1860
2012-06-04,1921
2012-06-05,1874
2012-06-06,1874
2012-06-07,1817
2012-06-08,1817
2012-06-09,1817
2012-06-10,1817
2012-06-11,1874
2012-06-12,1874
2012-06-13,1874
2012-06-14,1826
2012-06-15,1826
2012-06-16,1826
2012-06-17,1826
2012-06-18,1850
2012-06-19,1850
2012-06-20,1850
2012-06-21,1950
2012-06-22,1950
2012-06-23,1950
2012-06-24,1950
2012-06-25,1979
2012-06-26,1943
2012-06-27,1910
2012-06-28,1886
2012-06-29,1886
2012-06-30,1886
2012-07-01,1886
2012-07-02,1869
2012-07-03,1869
2012-07-04,1869
2012-07-05,1893
2012-07-06,1893
2012-07-07,1893
2012-07-08,1893
2012-07-09,1836
2012-07-10,1917
2012-07-11,1804
2012-07-12,1804
2012-07-13,1804
2012-07-14,1804
2012-07-15,1804
2012-07-16,1860
2012-07-17,1860
2012-07-18,1860
2012-07-19,1860
2012-07-20,1860
2012-07-21,1860
2012-07-22,1860
2012-07-23,1843
2012-07-24,1833
2012-07-25,1833
2012-07-26,1741
2012-07-27,1741
2012-07-28,1741
2012-07-29,1741
2012-07-30,1741
2012-07-31,1741
2012-08-01,1703
2012-08-02,1641
2012-08-03,1641
2012-08-04,1641
2012-08-05,1641
2012-08-06,1611
2012-08-07,1640
2012-08-08,1626
2012-08-09,1679
2012-08-10,1679
2012-08-11,1679
2012-08-12,1679
2012-08-13,1684
2012-08-14,1684
2012-08-15,1684
2012-08-16,1660
2012-08-17,1660
2012-08-18,1660
2012-08-19,1660
2012-08-20,1703
2012-08-21,1711
2012-08-22,1683
2012-08-23,1734
2012-08-24,1734
2012-08-25,1734
2012-08-26,1734
2012-08-27,1703
2012-08-28,1703
2012-08-29,1681
2012-08-30,1749
2012-08-31,1749
2012-09-01,1749
2012-09-02,1749
2012-09-03,1749
2012-09-04,1749
2012-09-05,1807
2012-09-06,1789
2012-09-07,1779
2012-09-08,1779
2012-09-09,1779
2012-09-10,1779
2012-09-11,1779
2012-09-12,1770
2012-09-13,1759
2012-09-14,1759
2012-09-15,1759
2012-09-16,1759
2012-09-17,1744
2012-09-18,1744
2012-09-19,1744
2012-09-20,1631
2012-09-21,1617
2012-09-22,1617
2012-09-23,1617
2012-09-24,1559
2012-09-25,1559
2012-09-26,1559
2012-09-27,1550
2012-09-28,1550
2012-09-29,1550
2012-09-30,1550
2012-10-01,1550
2012-10-02,1521
2012-10-03,1521
2012-10-04,1564
2012-10-05,1564
2012-10-06,1564
2012-10-07,1564
2012-10-08,1507
2012-10-09,1489
2012-10-10,1484
2012-10-11,1460
2012-10-12,1474
2012-10-13,1474
2012-10-14,1474
2012-10-15,1431
2012-10-16,1446
2012-10-17,1446
2012-10-18,1403
2012-10-19,1403
2012-10-20,1403
2012-10-21,1403
2012-10-22,1394
2012-10-23,1394
2012-10-24,1387
2012-10-25,1061
2012-10-26,1060
2012-10-27,1060
2012-10-28,1060
2012-10-29,1060
2012-10-30,1057
2012-10-31,1057
2012-11-01,1327
2012-11-02,1331
2012-11-03,1331
2012-11-04,1331
2012-11-05,1353
2012-11-06,1339
2012-11-07,1339
2012-11-08,1321
2012-11-09,1321
2012-11-10,1321
2012-11-11,1321
2012-11-12,1321
2012-11-13,1321
2012-11-14,1279
2012-11-15,1317
2012-11-16,1303
2012-11-17,1303
2012-11-18,1303
2012-11-19,1346
2012-11-20,1346
2012-11-21,1346
2012-11-22,1421
2012-11-23,1421
2012-11-24,1421
2012-11-25,1421
2012-11-26,1450
2012-11-27,1436
2012-11-28,1464
2012-11-29,1407
2012-11-30,1407
2012-12-01,1407
2012-12-02,1407
2012-12-03,1379
2012-12-04,1379
2012-12-05,1379
2012-12-06,1411
2012-12-07,1426
2012-12-08,1426
2012-12-09,1426
2012-12-10,1469
2012-12-11,1469
2012-12-12,1511
2012-12-13,1453
2012-12-14,1453
2012-12-15,1453
2012-12-16,1453
2012-12-17,1421
2012-12-18,1421
2012-12-19,1421
2012-12-20,1379
2012-12-21,1421
2012-12-22,1421
2012-12-23,1421
2012-12-24,1336
2012-12-25,1336
2012-12-26,1336
2012-12-27,1524
2012-12-28,1503
2012-12-29,1503
2012-12-30,1503
2012-12-31,1524
2013-01-01,1524
2013-01-02,1490
2013-01-03,1511
2013-01-04,1440
2013-01-05,1440
2013-01-06,1440
2013-01-07,1440
2013-01-08,1440
2013-01-09,1440
2013-01-10,1346
2013-01-11,1317
2013-01-12,1317
2013-01-13,1317
2013-01-14,1374
2013-01-15,1374
2013-01-16,1366
2013-01-17,1446
2013-01-18,1446
2013-01-19,1446
2013-01-20,1446
2013-01-21,1459
2013-01-22,1459
2013-01-23,1459
2013-01-24,1363
2013-01-25,1337
2013-01-26,1337
2013-01-27,1337
2013-01-28,1294
2013-01-29,1294
2013-01-30,1234
2013-01-31,1313
2013-02-01,1313
2013-02-02,1313
2013-02-03,1313
2013-02-04,1381
2013-02-05,1367
2013-02-06,1367
2013-02-07,1329
2013-02-08,1339
2013-02-09,1339
2013-02-10,1339
2013-02-11,1339
2013-02-12,1367
2013-02-13,1319
2013-02-14,1319
2013-02-15,1317
2013-02-16,1317
2013-02-17,1317
2013-02-18,1331
2013-02-19,1317
2013-02-20,1261
2013-02-21,1317
2013-02-22,1346
2013-02-23,1346
2013-02-24,1346
2013-02-25,1346
2013-02-26,1346
2013-02-27,1217
2013-02-28,1129
2013-03-01,1129
2013-03-02,1129
2013-03-03,1129
2013-03-04,1139
2013-03-05,1139
2013-03-06,1210
2013-03-07,1287
2013-03-08,1317
2013-03-09,1317
2013-03-10,1317
2013-03-11,1360
2013-03-12,1360
2013-03-13,1317
2013-03-14,1317
2013-03-15,1317
2013-03-16,1317
2013-03-17,1317
2013-03-18,1234
2013-03-19,1191
2013-03-20,1234
2013-03-21,1180
2013-03-22,1180
2013-03-23,1180
2013-03-24,1180
2013-03-25,1166
2013-03-26,1166
2013-03-27,1123
2013-03-28,1290
2013-03-29,1290
2013-03-30,1290
2013-03-31,1290
2013-04-01,1359
2013-04-02,1307
2013-04-03,1307
2013-04-04,1403
2013-04-05,1410
2013-04-06,1410
2013-04-07,1410
2013-04-08,1437
2013-04-09,1437
2013-04-10,1446
2013-04-11,1346
2013-04-12,1403
2013-04-13,1403
2013-04-14,1403
2013-04-15,1417
2013-04-16,1417
2013-04-17,1336
2013-04-18,1337
2013-04-19,1337
2013-04-20,1337
2013-04-21,1337
2013-04-22,1280
2013-04-23,1323
2013-04-24,1280
2013-04-25,1481
2013-04-26,1481
2013-04-27,1481
2013-04-28,1481
2013-04-29,1440
2013-04-30,1469
2013-05-01,1469
2013-05-02,1466
2013-05-03,1466
2013-05-04,1466
2013-05-05,1466
2013-05-06,1466
2013-05-07,1466
2013-05-08,1437
2013-05-09,1504
2013-05-10,1504
2013-05-11,1504
2013-05-12,1504
2013-05-13,1504
2013-05-14,1561
2013-05-15,1426
2013-05-16,1410
2013-05-17,1410
2013-05-18,1410
2013-05-19,1410
2013-05-20,1480
2013-05-21,1494
2013-05-22,1396
2013-05-23,1574
2013-05-24,1574
2013-05-25,1574
2013-05-26,1574
2013-05-27,1589
2013-05-28,1589
2013-05-29,1546
2013-05-30,1531
2013-05-31,1560
2013-06-01,1560
2013-06-02,1560
2013-06-03,1603
2013-06-04,1603
2013-06-05,1471
2013-06-06,1471
2013-06-07,1517
2013-06-08,1517
2013-06-09,1517
2013-06-10,1596
2013-06-11,1626
2013-06-12,1626
2013-06-13,1687
2013-06-14,1726
2013-06-15,1726
2013-06-16,1726
2013-06-17,1726
2013-06-18,1771
2013-06-19,1771
2013-06-20,1883
2013-06-21,1869
2013-06-22,1869
2013-06-23,1869
2013-06-24,1874
2013-06-25,1874
2013-06-26,1874
2013-06-27,1874
2013-06-28,1874
2013-06-29,1874
2013-06-30,1874
2013-07-01,1901
2013-07-02,1883
2013-07-03,1916
2013-07-04,1876
2013-07-05,1876
2013-07-06,1876
2013-07-07,1876
2013-07-08,1833
2013-07-09,1876
2013-07-10,1833
2013-07-11,1966
2013-07-12,1907
2013-07-13,1907
2013-07-14,1907
2013-07-15,1946
2013-07-16,1946
2013-07-17,1946
2013-07-18,1829
2013-07-19,1809
2013-07-20,1809
2013-07-21,1809
2013-07-22,1809
2013-07-23,1809
2013-07-24,1751
2013-07-25,1831
2013-07-26,1831
2013-07-27,1831
2013-07-28,1831
2013-07-29,1831
2013-07-30,1824
2013-07-31,1816
2013-08-01,1717
2013-08-02,1727
2013-08-03,1727
2013-08-04,1727
2013-08-05,1727
2013-08-06,1713
2013-08-07,1751
2013-08-08,1751
2013-08-09,1751
2013-08-10,1751
2013-08-11,1751
2013-08-12,1751
2013-08-13,1784
2013-08-14,1727
2013-08-15,1727
2013-08-16,1844
2013-08-17,1844
2013-08-18,1844
2013-08-19,1793
2013-08-20,1799
2013-08-21,1813
2013-08-22,1876
2013-08-23,1876
2013-08-24,1876
2013-08-25,1876
2013-08-26,1833
2013-08-27,1787
2013-08-28,1816
2013-08-29,1699
2013-08-30,1713
2013-08-31,1713
2013-09-01,1713
2013-09-02,1753
2013-09-03,1753
2013-09-04,1753
2013-09-05,1806
2013-09-06,1806
2013-09-07,1806
2013-09-08,1806
2013-09-09,1806
2013-09-10,1806
2013-09-11,1741
2013-09-12,1751
2013-09-13,1814
2013-09-14,1814
2013-09-15,1814
2013-09-16,1751
2013-09-17,1837
2013-09-18,1837
2013-09-19,1837
2013-09-20,1837
2013-09-21,1837
2013-09-22,1837
2013-09-23,1791
2013-09-24,1791
2013-09-25,1791
2013-09-26,1709
2013-09-27,1656
2013-09-28,1656
2013-09-29,1656
2013-09-30,1640
2013-10-01,1640
2013-10-02,1554
2013-10-03,1554
2013-10-04,1517
2013-10-05,1517
2013-10-06,1517
2013-10-07,1589
2013-10-08,1503
2013-10-09,1503
2013-10-10,1561
2013-10-11,1553
2013-10-12,1553
2013-10-13,1553
2013-10-14,1574
2013-10-15,1599
2013-10-16,1584
2013-10-17,1407
2013-10-18,1407
2013-10-19,1407
2013-10-20,1407
2013-10-21,1433
2013-10-22,1433
2013-10-23,1376
2013-10-24,1434
2013-10-25,1453
2013-10-26,1453
2013-10-27,1453
2013-10-28,1506
2013-10-29,1506
2013-10-30,1563
2013-10-31,1467
2013-11-01,1460
2013-11-02,1460
2013-11-03,1460
2013-11-04,1423
2013-11-05,1394
2013-11-06,1294
2013-11-07,1400
2013-11-08,1370
2013-11-09,1370
2013-11-10,1370
2013-11-11,1390
2013-11-12,1390
2013-11-13,1390
2013-11-14,1391
2013-11-15,1417
2013-11-16,1417
2013-11-17,1417
2013-11-18,1431
2013-11-19,1431
2013-11-20,1474
2013-11-21,1509
2013-11-22,1556
2013-11-23,1556
2013-11-24,1556
2013-11-25,1599
2013-11-26,1613
2013-11-27,1551
2013-11-28,1666
2013-11-29,1666
2013-11-30,1666
2013-12-01,1666
2013-12-02,1666
2013-12-03,1666
2013-12-04,1684
2013-12-05,1499
2013-12-06,1499
2013-12-07,1499
2013-12-08,1499
2013-12-09,1574
2013-12-10,1574
2013-12-11,1560
2013-12-12,1680
2013-12-13,1646
2013-12-14,1646
2013-12-15,1646
2013-12-16,1699
2013-12-17,1741
2013-12-18,1741
2013-12-19,1673
2013-12-20,1674
2013-12-21,1674
2013-12-22,1674
2013-12-23,1656
2013-12-24,1723
2013-12-25,1723
2013-12-26,1643
2013-12-27,1643
2013-12-28,1643
2013-12-29,1643
2013-12-30,1547
2013-12-31,1547
2014-01-01,1547
2014-01-02,1480
2014-01-03,1480
2014-01-04,1480
2014-01-05,1480
2014-01-06,1461
2014-01-07,1461
2014-01-08,1403
2014-01-09,1516
2014-01-10,1516
2014-01-11,1516
2014-01-12,1516
2014-01-13,1487
2014-01-14,1496
2014-01-15,1424
2014-01-16,1530
2014-01-17,1491
2014-01-18,1491
2014-01-19,1491
2014-01-20,1504
2014-01-21,1504
2014-01-22,1529
2014-01-23,1529
2014-01-24,1533
2014-01-25,1533
2014-01-26,1533
2014-01-27,1576
2014-01-28,1576
2014-01-29,1576
2014-01-30,1576
2014-01-31,1576
2014-02-01,1576
2014-02-02,1576
2014-02-03,1556
2014-02-04,1556
2014-02-05,1561
2014-02-06,1509
2014-02-07,1477
2014-02-08,1477
2014-02-09,1477
2014-02-10,1551
2014-02-11,1551
2014-02-12,1416
2014-02-13,1516
2014-02-14,1543
2014-02-15,1543
2014-02-16,1543
2014-02-17,1529
2014-02-18,1557
2014-02-19,1550
2014-02-20,1557
2014-02-21,1557
2014-02-22,1557
2014-02-23,1557
2014-02-24,1543
2014-02-25,1571
2014-02-26,1410
2014-02-27,1370
2014-02-28,1397
2014-03-01,1397
2014-03-02,1397
2014-03-03,1421
2014-03-04,1464
2014-03-05,1550
2014-03-06,1806
2014-03-07,1860
2014-03-08,1860
2014-03-09,1860
2014-03-10,1847
2014-03-11,1847
2014-03-12,1861
2014-03-13,1916
2014-03-14,1916
2014-03-15,1916
2014-03-16,1916
2014-03-17,1944
2014-03-18,1944
2014-03-19,1916
2014-03-20,1826
2014-03-21,1836
2014-03-22,1836
2014-03-23,1836
2014-03-24,1867
2014-03-25,1867
2014-03-26,1810
2014-03-27,1911
2014-03-28,1949
2014-03-29,1949
2014-03-30,1949
2014-03-31,1911
2014-04-01,1911
2014-04-02,1854
2014-04-03,1844
2014-04-04,1887
2014-04-05,1887
2014-04-06,1887
2014-04-07,1893
2014-04-08,1893
2014-04-09,1807
2014-04-10,1931
2014-04-11,1936
2014-04-12,1936
2014-04-13,1936
2014-04-14,1936
2014-04-15,1936
2014-04-16,1907
2014-04-17,1840
2014-04-18,1883
2014-04-19,1883
2014-04-20,1883
2014-04-21,1883
2014-04-22,1897
2014-04-23,1907
2014-04-24,1904
2014-04-25,1904
2014-04-26,1904
2014-04-27,1904
2014-04-28,1927
2014-04-29,1927
2014-04-30,1914
2014-05-01,1914
2014-05-02,1914
2014-05-03,1914
2014-05-04,1914
2014-05-05,1914
2014-05-06,1914
2014-05-07,1857
2014-05-08,1933
2014-05-09,1959
2014-05-10,1959
2014-05-11,1959
2014-05-12,1973
2014-05-13,1973
2014-05-14,1973
2014-05-15,1957
2014-05-16,1957
2014-05-17,1957
2014-05-18,1957
2014-05-19,1957
2014-05-20,1957
2014-05-21,1957
2014-05-22,2033
2014-05-23,2033
2014-05-24,2033
2014-05-25,2033
2014-05-26,2004
2014-05-27,2033
2014-05-28,2033
2014-05-29,1953
2014-05-30,1967
2014-05-31,1967
2014-06-01,1967
2014-06-02,2061
2014-06-03,2069
2014-06-04,2069
2014-06-05,2109
2014-06-06,2109
2014-06-07,2109
2014-06-08,2109
2014-06-09,2070
2014-06-10,2103
2014-06-11,2103
2014-06-12,2184
2014-06-13,2184
2014-06-14,2184
2014-06-15,2184
2014-06-16,2201
2014-06-17,2219
2014-06-18,2219
2014-06-19,2133
2014-06-20,2180
2014-06-21,2180
2014-06-22,2180
2014-06-23,2189
2014-06-24,2217
2014-06-25,2234
2014-06-26,2239
2014-06-27,2209
2014-06-28,2209
2014-06-29,2209
2014-06-30,2209
2014-07-01,2198
2014-07-02,2198
2014-07-03,2158
2014-07-04,2153
2014-07-05,2153
2014-07-06,2153
2014-07-07,2128
2014-07-08,2165
2014-07-09,2178
2014-07-10,2220
2014-07-11,2220
2014-07-12,2220
2014-07-13,2220
2014-07-14,2195
2014-07-15,2195
2014-07-16,2195
2014-07-17,2105
2014-07-18,2133
2014-07-19,2133
2014-07-20,2133
2014-07-21,2158
2014-07-22,2158
2014-07-23,2144
2014-07-24,2188
2014-07-25,2188
2014-07-26,2188
2014-07-27,2188
2014-07-28,2180
2014-07-29,2180
2014-07-30,2180
2014-07-31,2043
2014-08-01,2043
2014-08-02,2043
2014-08-03,2043
2014-08-04,2014
2014-08-05,1976
2014-08-06,1976
2014-08-07,1985
2014-08-08,1985
2014-08-09,1985
2014-08-10,1985
2014-08-11,2006
2014-08-12,2006
2014-08-13,2006
2014-08-14,1869
2014-08-15,1869
2014-08-16,1869
2014-08-17,1869
2014-08-18,1923
2014-08-19,1929
2014-08-20,1929
2014-08-21,2061
2014-08-22,2061
2014-08-23,2061
2014-08-24,2061
2014-08-25,2124
2014-08-26,2131
2014-08-27,2134
2014-08-28,2070
2014-08-29,2070
2014-08-30,2070
2014-08-31,2070
2014-09-01,2095
2014-09-02,2095
2014-09-03,2176
2014-09-04,2155
2014-09-05,2150
2014-09-06,2150
2014-09-07,2150
2014-09-08,2150
2014-09-09,2150
2014-09-10,2150
2014-09-11,2196
2014-09-12,2196
2014-09-13,2196
2014-09-14,2196
2014-09-15,2189
2014-09-16,2189
2014-09-17,2161
2014-09-18,2041
2014-09-19,2041
2014-09-20,2041
2014-09-21,2041
2014-09-22,1938
2014-09-23,1938
2014-09-24,1938
2014-09-25,2018
2014-09-26,1974
2014-09-27,1974
2014-09-28,1974
2014-09-29,2013
2014-09-30,1980
2014-10-01,1968
2014-10-02,1694
2014-10-03,1694
2014-10-04,1694
2014-10-05,1694
2014-10-06,1730
2014-10-07,1730
2014-10-08,1616
2014-10-09,1616
2014-10-10,1686
2014-10-11,1686
2014-10-12,1686
2014-10-13,1711
2014-10-14,1711
2014-10-15,1711
2014-10-16,1700
2014-10-17,1756
2014-10-18,1756
2014-10-19,1756
2014-10-20,1768
2014-10-21,1843
2014-10-22,1838
2014-10-23,1645
2014-10-24,1645
2014-10-25,1645
2014-10-26,1645
2014-10-27,1751
2014-10-28,1774
2014-10-29,1774
2014-10-30,1711
2014-10-31,1711
2014-11-01,1711
2014-11-02,1711
2014-11-03,1761
2014-11-04,1774
2014-11-05,1774
2014-11-06,1956
2014-11-07,1964
2014-11-08,1964
2014-11-09,1964
2014-11-10,1916
2014-11-11,1904
2014-11-12,1929
2014-11-13,1714
2014-11-14,1714
2014-11-15,1714
2014-11-16,1714
2014-11-17,1693
2014-11-18,1710
2014-11-19,1710
2014-11-20,1913
2014-11-21,1913
2014-11-22,1913
2014-11-23,1913
2014-11-24,1933
2014-11-25,1933
2014-11-26,1938
2014-11-27,2045
2014-11-28,2076
2014-11-29,2076
2014-11-30,2076
2014-12-01,2076
2014-12-02,2076
2014-12-03,2076
2014-12-04,2049
2014-12-05,2063
2014-12-06,2063
2014-12-07,2063
2014-12-08,2116
2014-12-09,1975
2014-12-10,1954
2014-12-11,1905
2014-12-12,1890
2014-12-13,1890
2014-12-14,1890
2014-12-15,1874
2014-12-16,1874
2014-12-17,1874
2014-12-18,1816
2014-12-19,1861
2014-12-20,1861
2014-12-21,1861
2014-12-22,1849
2014-12-23,1841
2014-12-24,1825
2014-12-25,1825
2014-12-26,1823
2014-12-27,1823
2014-12-28,1823
2014-12-29,1823
2014-12-30,1823
2014-12-31,1810
2015-01-01,1810
2015-01-02,1725
2015-01-03,1725
2015-01-04,1725
2015-01-05,1643
2015-01-06,1636
2015-01-07,1636
2015-01-08,1781
2015-01-09,1781
2015-01-10,1781
2015-01-11,1781
2015-01-12,1764
2015-01-13,1764
2015-01-14,1764
2015-01-15,1764
2015-01-16,1765
2015-01-17,1765
2015-01-18,1765
2015-01-19,1829
2015-01-20,1829
2015-01-21,1829
2015-01-22,1790
2015-01-23,1819
2015-01-24,1819
2015-01-25,1819
2015-01-26,1838
2015-01-27,1838
2015-01-28,1835
2015-01-29,1754
2015-01-30,1754
2015-01-31,1754
2015-02-01,1754
2015-02-02,1729
2015-02-03,1685
2015-02-04,1685
2015-02-05,1704
2015-02-06,1814
2015-02-07,1814
2015-02-08,1814
2015-02-09,1690
2015-02-10,1698
2015-02-11,1686
2015-02-12,1710
2015-02-13,1710
2015-02-14,1710
2015-02-15,1710
2015-02-16,1755
2015-02-17,1755
2015-02-18,1755
2015-02-19,1755
2015-02-20,1755
2015-02-21,1755
2015-02-22,1755
2015-02-23,1805
2015-02-24,1874
2015-02-25,1763
2015-02-26,1676
2015-02-27,1676
2015-02-28,1676
2015-03-01,1676
2015-03-02,1618
2015-03-03,1580
2015-03-04,1791
2015-03-05,1771
2015-03-06,1793
2015-03-07,1793
2015-03-08,1793
2015-03-09,1794
2015-03-10,1794
2015-03-11,1794
2015-03-12,1800
2015-03-13,1804
2015-03-14,1804
2015-03-15,1804
2015-03-16,1804
2015-03-17,1836
2015-03-18,1836
2015-03-19,1785
2015-03-20,1785
2015-03-21,1785
2015-03-22,1785
2015-03-23,1755
2015-03-24,1755
2015-03-25,1755
2015-03-26,1705
2015-03-27,1743
2015-03-28,1743
2015-03-29,1743
2015-03-30,1728
2015-03-31,1740
2015-04-01,1740
2015-04-02,1718
2015-04-03,1718
2015-04-04,1718
2015-04-05,1718
2015-04-06,1684
2015-04-07,1689
2015-04-08,1689
2015-04-09,1764
2015-04-10,1764
2015-04-11,1764
2015-04-12,1764
2015-04-13,1800
2015-04-14,1806
2015-04-15,1806
2015-04-16,1774
2015-04-17,1790
2015-04-18,1790
2015-04-19,1790
2015-04-20,1790
2015-04-21,1790
2015-04-22,1790
2015-04-23,1854
2015-04-24,1894
2015-04-25,1894
2015-04-26,1894
2015-04-27,1936
2015-04-28,1936
2015-04-29,1936
2015-04-30,1725
2015-05-01,1725
2015-05-02,1725
2015-05-03,1725
2015-05-04,1669
2015-05-05,1669
2015-05-06,1800
2015-05-07,2023
2015-05-08,2094
2015-05-09,2094
2015-05-10,2094
2015-05-11,2111
2015-05-12,2111
2015-05-13,2111
2015-05-14,2111
2015-05-15,2111
2015-05-16,2111
2015-05-17,2111
2015-05-18,2144
2015-05-19,2149
2015-05-20,2163
2015-05-21,2106
2015-05-22,2110
2015-05-23,2110
2015-05-24,2110
2015-05-25,2110
2015-05-26,2205
2015-05-27,2205
2015-05-28,2370
2015-05-29,2268
2015-05-30,2268
2015-05-31,2268
2015-06-01,2395
2015-06-02,2395
2015-06-03,2395
2015-06-04,2181
2015-06-05,2181
2015-06-06,2181
2015-06-07,2181
2015-06-08,2136
2015-06-09,2136
2015-06-10,2129
2015-06-11,2334
2015-06-12,2334
2015-06-13,2334
2015-06-14,2334
2015-06-15,2334
2015-06-16,2334
2015-06-17,2334
2015-06-18,2250
2015-06-19,2250
2015-06-20,2250
2015-06-21,2250
2015-06-22,2256
2015-06-23,2256
2015-06-24,2256
2015-06-25,2086
2015-06-26,2086
2015-06-27,2086
2015-06-28,2086
2015-06-29,2080
2015-06-30,1993
2015-07-01,1993
2015-07-02,2209
2015-07-03,2169
2015-07-04,2169
2015-07-05,2169
2015-07-06,2169
2015-07-07,2169
2015-07-08,2169
2015-07-09,2201
2015-07-10,2230
2015-07-11,2230
2015-07-12,2230
2015-07-13,2230
2015-07-14,2295
2015-07-15,2295
2015-07-16,2216
2015-07-17,2280
2015-07-18,2280
2015-07-19,2280
2015-07-20,2293
2015-07-21,2291
2015-07-22,2304
2015-07-23,2304
2015-07-24,2311
2015-07-25,2311
2015-07-26,2311
2015-07-27,2238
2015-07-28,2169
2015-07-29,2169
2015-07-30,2094
2015-07-31,2094
2015-08-01,2094
2015-08-02,2094
2015-08-03,2094
2015-08-04,2094
2015-08-05,2094
2015-08-06,2200
2015-08-07,2189
2015-08-08,2189
2015-08-09,2189
2015-08-10,2209
2015-08-11,2209
2015-08-12,2171
2015-08-13,2131
2015-08-14,2131
2015-08-15,2131
2015-08-16,2131
2015-08-17,2159
2015-08-18,2148
2015-08-19,2148
2015-08-20,2188
2015-08-21,2198
2015-08-22,2198
2015-08-23,2198
2015-08-24,2223
2015-08-25,2223
2015-08-26,2304
2015-08-27,2186
2015-08-28,2148
2015-08-29,2148
2015-08-30,2148
2015-08-31,2186
2015-09-01,2186
2015-09-02,2186
2015-09-03,2209
2015-09-04,2104
2015-09-05,2104
2015-09-06,2104
2015-09-07,2159
2015-09-08,2211
2015-09-09,2186
2015-09-10,2036
2015-09-11,2036
2015-09-12,2036
2015-09-13,2036
2015-09-14,2118
2015-09-15,2171
2015-09-16,2195
2015-09-17,2154
2015-09-18,2168
2015-09-19,2168
2015-09-20,2168
2015-09-21,2018
2015-09-22,2018
2015-09-23,1924
2015-09-24,1924
2015-09-25,1924
2015-09-26,1924
2015-09-27,1924
2015-09-28,1924
2015-09-29,1924
2015-09-30,2011
2015-10-01,1981
2015-10-02,1981
2015-10-03,1981
2015-10-04,1981
2015-10-05,2013
2015-10-06,1986
2015-10-07,1970
2015-10-08,1733
2015-10-09,1733
2015-10-10,1733
2015-10-11,1733
2015-10-12,1729
2015-10-13,1715
2015-10-14,1690
2015-10-15,1910
2015-10-16,1838
2015-10-17,1838
2015-10-18,1838
2015-10-19,1845
2015-10-20,1849
2015-10-21,1861
2015-10-22,1846
2015-10-23,1846
2015-10-24,1846
2015-10-25,1846
2015-10-26,1846
2015-10-27,1839
2015-10-28,1839
2015-10-29,1550
2015-10-30,1550
2015-10-31,1550
2015-11-01,1550
2015-11-02,1655
2015-11-03,1730
2015-11-04,1730
2015-11-05,1708
2015-11-06,1708
2015-11-07,1708
2015-11-08,1708
2015-11-09,1695
2015-11-10,1695
2015-11-11,1695
2015-11-12,1760
2015-11-13,1760
2015-11-14,1760
2015-11-15,1760
2015-11-16,1735
2015-11-17,1735
2015-11-18,1666
2015-11-19,1763
2015-11-20,1763
2015-11-21,1763
2015-11-22,1763
2015-11-23,1781
2015-11-24,1788
2015-11-25,1811
2015-11-26,1959
2015-11-27,1959
2015-11-28,1959
2015-11-29,1959
2015-11-30,1959
2015-12-01,1959
2015-12-02,1959
2015-12-03,1748
2015-12-04,1748
2015-12-05,1748
2015-12-06,1748
2015-12-07,1810
2015-12-08,1810
2015-12-09,1810
2015-12-10,1966
2015-12-11,1898
2015-12-12,1898
2015-12-13,1898
2015-12-14,1966
2015-12-15,1966
2015-12-16,1966
2015-12-17,1933
2015-12-18,1933
2015-12-19,1933
2015-12-20,1933
2015-12-21,1940
2015-12-22,1940
2015-12-23,1940
2015-12-24,1895
2015-12-25,1895
2015-12-26,1895
2015-12-27,1895
2015-12-28,1864
2015-12-29,1856
2015-12-30,1779
2015-12-31,1679
2016-01-01,1679
2016-01-02,1679
2016-01-03,1679
2016-01-04,1603
2016-01-05,1603
2016-01-06,1603
2016-01-07,1773
2016-01-08,1773
2016-01-09,1773
2016-01-10,1773
2016-01-11,1753
2016-01-12,1753
2016-01-13,1753
2016-01-14,1720
2016-01-15,1720
2016-01-16,1720
2016-01-17,1720
2016-01-18,1708
2016-01-19,1708
2016-01-20,1708
2016-01-21,1706
2016-01-22,1696
2016-01-23,1696
2016-01-24,1696
2016-01-25,1706
2016-01-26,1706
2016-01-27,1706
2016-01-28,1744
2016-01-29,1744
2016-01-30,1744
2016-01-31,1744
2016-02-01,1744
2016-02-02,1804
2016-02-03,1804
2016-02-04,1706
2016-02-05,1706
2016-02-06,1706
2016-02-07,1706
2016-02-08,1706
2016-02-09,1706
2016-02-10,1706
2016-02-11,1843
2016-02-12,1855
2016-02-13,1855
2016-02-14,1855
2016-02-15,1834
2016-02-16,1821
2016-02-17,1821
2016-02-18,1790
2016-02-19,1785
2016-02-20,1785
2016-02-21,1785
2016-02-22,1785
2016-02-23,1785
2016-02-24,1785
2016-02-25,1621
2016-02-26,1621
2016-02-27,1621
2016-02-28,1621
2016-02-29,1600
2016-03-01,1600
2016-03-02,1525
2016-03-03,1410
2016-03-04,1579
2016-03-05,1579
2016-03-06,1579
2016-03-07,1649
2016-03-08,1649
2016-03-09,1620
2016-03-10,1811
2016-03-11,1824
2016-03-12,1824
2016-03-13,1824
2016-03-14,1824
2016-03-15,1824
2016-03-16,1824
2016-03-17,1711
2016-03-18,1676
2016-03-19,1676
2016-03-20,1676
2016-03-21,1744
2016-03-22,1744
2016-03-23,1744
2016-03-24,1753
2016-03-25,1753
2016-03-26,1753
2016-03-27,1753
2016-03-28,1865
2016-03-29,1865
2016-03-30,1840
2016-03-31,1808
2016-04-01,1813
2016-04-02,1813
2016-04-03,1813
2016-04-04,1813
2016-04-05,1813
2016-04-06,1813
2016-04-07,1839
2016-04-08,1839
2016-04-09,1839
2016-04-10,1839
2016-04-11,1826
2016-04-12,1826
2016-04-13,1826
2016-04-14,1769
2016-04-15,1721
2016-04-16,1721
2016-04-17,1721
2016-04-18,1725
2016-04-19,1729
2016-04-20,1729
2016-04-21,1893
2016-04-22,1846
2016-04-23,1846
2016-04-24,1846
2016-04-25,1846
2016-04-26,1846
2016-04-27,1906
2016-04-28,1750
2016-04-29,1750
2016-04-30,1750
2016-05-01,1750
2016-05-02,1750
2016-05-03,1750
2016-05-04,1554
2016-05-05,1554
2016-05-06,1554
2016-05-07,1554
2016-05-08,1554
2016-05-09,1858
2016-05-10,1858
2016-05-11,1869
2016-05-12,1955
2016-05-13,1958
2016-05-14,1958
2016-05-15,1958
2016-05-16,1961
2016-05-17,1949
2016-05-18,1949
2016-05-19,1949
2016-05-20,1949
2016-05-21,1949
2016-05-22,1949
2016-05-23,1961
2016-05-24,1961
2016-05-25,1961
2016-05-26,1978
2016-05-27,1981
2016-05-28,1981
2016-05-29,1981
2016-05-30,2009
2016-05-31,2021
2016-06-01,2038
2016-06-02,1991
2016-06-03,1991
2016-06-04,1991
2016-06-05,1991
2016-06-06,1991
2016-06-07,2039
2016-06-08,2054
2016-06-09,2285
2016-06-10,2311
2016-06-11,2311
2016-06-12,2311
2016-06-13,2324
2016-06-14,2324
2016-06-15,2314
2016-06-16,2244
2016-06-17,2231
2016-06-18,2231
2016-06-19,2231
2016-06-20,2209
2016-06-21,2209
2016-06-22,2196
2016-06-23,2294
2016-06-24,2294
2016-06-25,2294
2016-06-26,2294
2016-06-27,2294
2016-06-28,2294
2016-06-29,2319
2016-06-30,2254
2016-07-01,2254
2016-07-02,2254
2016-07-03,2254
2016-07-04,2319
2016-07-05,2294
2016-07-06,2294
2016-07-07,2286
2016-07-08,2284
2016-07-09,2284
2016-07-10,2284
2016-07-11,2284
2016-07-12,2284
2016-07-13,2275
2016-07-14,2151
2016-07-15,2138
2016-07-16,2138
2016-07-17,2138
2016-07-18,2100
2016-07-19,2093
2016-07-20,2098
2016-07-21,2120
2016-07-22,2070
2016-07-23,2070
2016-07-24,2070
2016-07-25,2070
2016-07-26,2064
2016-07-27,2064
2016-07-28,1966
2016-07-29,1929
2016-07-30,1929
2016-07-31,1929
2016-08-01,1904
2016-08-02,1904
2016-08-03,1904
2016-08-04,1985
2016-08-05,2030
2016-08-06,2030
2016-08-07,2030
2016-08-08,2068
2016-08-09,2068
2016-08-10,2030
2016-08-11,2039
2016-08-12,2039
2016-08-13,2039
2016-08-14,2039
2016-08-15,2039
2016-08-16,2160
2016-08-17,2135
2016-08-18,1968
2016-08-19,1968
2016-08-20,1968
2016-08-21,1968
2016-08-22,1968
2016-08-23,1968
2016-08-24,2018
2016-08-25,2011
2016-08-26,2011
2016-08-27,2011
2016-08-28,2011
2016-08-29,2030
2016-08-30,2030
2016-08-31,2030
2016-09-01,2028
2016-09-02,2028
2016-09-03,2028
2016-09-04,2028
2016-09-05,2003
2016-09-06,2028
2016-09-07,2003
2016-09-08,1953
2016-09-09,1913
2016-09-10,1913
2016-09-11,1913
2016-09-12,1913
2016-09-13,1913
2016-09-14,1913
2016-09-15,1913
2016-09-16,1913
2016-09-17,1913
2016-09-18,1913
2016-09-19,1965
2016-09-20,1990
2016-09-21,2006
2016-09-22,2058
2016-09-23,2058
2016-09-24,2058
2016-09-25,2058
2016-09-26,2125
2016-09-27,2136
2016-09-28,2136
2016-09-29,2018
2016-09-30,1993
2016-10-01,1993
2016-10-02,1993
2016-10-03,1993
2016-10-04,1989
2016-10-05,1989
2016-10-06,1976
2016-10-07,1969
2016-10-08,1969
2016-10-09,1969
2016-10-10,1973
2016-10-11,1965
2016-10-12,1965
2016-10-13,1984
2016-10-14,1984
2016-10-15,1984
2016-10-16,1984
2016-10-17,1920
2016-10-18,1920
2016-10-19,1920
2016-10-20,1906
2016-10-21,1930
2016-10-22,1930
2016-10-23,1930
2016-10-24,1934
2016-10-25,1934
2016-10-26,1934
2016-10-27,1899
2016-10-28,1899
2016-10-29,1899
2016-10-30,1899
2016-10-31,1886
2016-11-01,1886
2016-11-02,1886
2016-11-03,1823
2016-11-04,1823
2016-11-05,1823
2016-11-06,1823
2016-11-07,1921
2016-11-08,1921
2016-11-09,1896
2016-11-10,1911
2016-11-11,1911
2016-11-12,1911
2016-11-13,1911
2016-11-14,1949
2016-11-15,1949
2016-11-16,1949
2016-11-17,1904
2016-11-18,1904
2016-11-19,1904
2016-11-20,1904
2016-11-21,1914
2016-11-22,1914
2016-11-23,1914
2016-11-24,1831
2016-11-25,1831
2016-11-26,1831
2016-11-27,1831
2016-11-28,1831
2016-11-29,1831
2016-11-30,1831
2016-12-01,1821
2016-12-02,1821
2016-12-03,1821
2016-12-04,1821
2016-12-05,1821
2016-12-06,1814
2016-12-07,1814
2016-12-08,1883
2016-12-09,1883
2016-12-10,1883
2016-12-11,1883
2016-12-12,1899
2016-12-13,1875
2016-12-14,1875
2016-12-15,1888
2016-12-16,1888
2016-12-17,1888
2016-12-18,1888
2016-12-19,1888
2016-12-20,1888
2016-12-21,1888
2016-12-22,1885
2016-12-23,1885
2016-12-24,1885
2016-12-25,1885
2016-12-26,1885
2016-12-27,1909
2016-12-28,1909
2016-12-29,1813
2016-12-30,1813
2016-12-31,1813
2017-01-01,1813
2017-01-02,1826
2017-01-03,1826
2017-01-04,1826
2017-01-05,1871
2017-01-06,1871
2017-01-07,1871
2017-01-08,1871
2017-01-09,1884
2017-01-10,1884
2017-01-11,1884
2017-01-12,1909
2017-01-13,1894
2017-01-14,1894
2017-01-15,1894
2017-01-16,1856
2017-01-17,1856
2017-01-18,1856
2017-01-19,1865
2017-01-20,1828
2017-01-21,1828
2017-01-22,1828
2017-01-23,1846
2017-01-24,1784
2017-01-25,1784
2017-01-26,1788
2017-01-27,1788
2017-01-28,1788
2017-01-29,1788
2017-01-30,1788
2017-01-31,1868
2017-02-01,1868
2017-02-02,1868
2017-02-03,1855
2017-02-04,1855
2017-02-05,1855
2017-02-06,1874
2017-02-07,1874
2017-02-08,1861
2017-02-09,1745
2017-02-10,1759
2017-02-11,1759
2017-02-12,1759
2017-02-13,1759
2017-02-14,1759
2017-02-15,1759
2017-02-16,2044
2017-02-17,2044
2017-02-18,2044
2017-02-19,2044
2017-02-20,2038
2017-02-21,2038
2017-02-22,2038
2017-02-23,2031
2017-02-24,2034
2017-02-25,2034
2017-02-26,2034
2017-02-27,1968
2017-02-28,1804
2017-03-01,1804
2017-03-02,1708
2017-03-03,1708
2017-03-04,1708
2017-03-05,1708
2017-03-06,1725
2017-03-07,1751
2017-03-08,1751
2017-03-09,1935
2017-03-10,1935
2017-03-11,1935
2017-03-12,1935
2017-03-13,1935
2017-03-14,1935
2017-03-15,1935
2017-03-16,1931
2017-03-17,1931
2017-03-18,1931
2017-03-19,1931
2017-03-20,1956
2017-03-21,1956
2017-03-22,1956
2017-03-23,1959
2017-03-24,1959
2017-03-25,1959
2017-03-26,1959
2017-03-27,1955
2017-03-28,1955
2017-03-29,1955
2017-03-30,1783
2017-03-31,1765
2017-04-01,1765
2017-04-02,1765
2017-04-03,1791
2017-04-04,1791
2017-04-05,1785
2017-04-06,1929
2017-04-07,1929
2017-04-08,1929
2017-04-09,1929
2017-04-10,1940
2017-04-11,1940
2017-04-12,1940
2017-04-13,1866
2017-04-14,1866
2017-04-15,1866
2017-04-16,1866
2017-04-17,1959
2017-04-18,2044
2017-04-19,2044
2017-04-20,1891
2017-04-21,1896
2017-04-22,1896
2017-04-23,1896
2017-04-24,1910
2017-04-25,1910
2017-04-26,1910
2017-04-27,1981
2017-04-28,2018
2017-04-29,2018
2017-04-30,2018
2017-05-01,2018
2017-05-02,2054
2017-05-03,2054
2017-05-04,2106
2017-05-05,2106
2017-05-06,2106
2017-05-07,2106
2017-05-08,2149
2017-05-09,2149
2017-05-10,2145
2017-05-11,2219
2017-05-12,2219
2017-05-13,2219
2017-05-14,2219
2017-05-15,2221
2017-05-16,2221
2017-05-17,2216
2017-05-18,2194
2017-05-19,2183
2017-05-20,2183
2017-05-21,2183
2017-05-22,2230
2017-05-23,2230
2017-05-24,2230
2017-05-25,2241
2017-05-26,2243
2017-05-27,2243
2017-05-28,2243
2017-05-29,2214
2017-05-30,2130
2017-05-31,2130
2017-06-01,2015
2017-06-02,2018
2017-06-03,2018
2017-06-04,2018
2017-06-05,2074
2017-06-06,2074
2017-06-07,2074
2017-06-08,2229
2017-06-09,2229
2017-06-10,2229
2017-06-11,2229
2017-06-12,2236
2017-06-13,2236
2017-06-14,2249
2017-06-15,2240
2017-06-16,2245
2017-06-17,2245
2017-06-18,2245
2017-06-19,2274
2017-06-20,2295
2017-06-21,2295
2017-06-22,2270
2017-06-23,2275
2017-06-24,2275
2017-06-25,2275
2017-06-26,2349
2017-06-27,2349
2017-06-28,2349
2017-06-29,2375
2017-06-30,2375
2017-07-01,2375
2017-07-02,2375
2017-07-03,2375
2017-07-04,2388
2017-07-05,2388
2017-07-06,2283
2017-07-07,2283
2017-07-08,2283
2017-07-09,2283
2017-07-10,2289
2017-07-11,2289
2017-07-12,2289
2017-07-13,2403
2017-07-14,2408
2017-07-15,2408
2017-07-16,2408
2017-07-17,2345
2017-07-18,2345
2017-07-19,2345
2017-07-20,2355
2017-07-21,2355
2017-07-22,2355
2017-07-23,2355
2017-07-24,2423
2017-07-25,2431
2017-07-26,2431
2017-07-27,2293
2017-07-28,2160
2017-07-29,2160
2017-07-30,2160
2017-07-31,2220
2017-08-01,2293
2017-08-02,2293
2017-08-03,2335
2017-08-04,2335
2017-08-05,2335
2017-08-06,2335
2017-08-07,2335
2017-08-08,2335
2017-08-09,2335
2017-08-10,2350
2017-08-11,2350
2017-08-12,2350
2017-08-13,2350
2017-08-14,2384
2017-08-15,2384
2017-08-16,2384
2017-08-17,2251
2017-08-18,2265
2017-08-19,2265
2017-08-20,2265
2017-08-21,2268
2017-08-22,2268
2017-08-23,2268
2017-08-24,2315
2017-08-25,2315
2017-08-26,2315
2017-08-27,2315
2017-08-28,2315
2017-08-29,2315
2017-08-30,2315
2017-08-31,2350
2017-09-01,2338
2017-09-02,2338
2017-09-03,2338
2017-09-04,2338
2017-09-05,2338
2017-09-06,2318
2017-09-07,2286
2017-09-08,2286
2017-09-09,2286
2017-09-10,2286
2017-09-11,2286
2017-09-12,2286
2017-09-13,2286
2017-09-14,2156
2017-09-15,2078
2017-09-16,2078
2017-09-17,2078
2017-09-18,2151
2017-09-19,2151
2017-09-20,2151
2017-09-21,2253
2017-09-22,2253
2017-09-23,2253
2017-09-24,2253
2017-09-25,2253
2017-09-26,2265
2017-09-27,2265
2017-09-28,2265
2017-09-29,2228
2017-09-30,2228
2017-10-01,2228
2017-10-02,2228
2017-10-03,2228
2017-10-04,2228
2017-10-05,2228
2017-10-06,2228
2017-10-07,2228
2017-10-08,2228
2017-10-09,2228
2017-10-10,2144
2017-10-11,2133
2017-10-12,2174
2017-10-13,2165
2017-10-14,2165
2017-10-15,2165
2017-10-16,2080
2017-10-17,2065
2017-10-18,2065
2017-10-19,1941
2017-10-20,1926
2017-10-21,1926
2017-10-22,1926
2017-10-23,1949
2017-10-24,1926
2017-10-25,1891
2017-10-26,1908
2017-10-27,1908
2017-10-28,1908
2017-10-29,1908
2017-10-30,1908
2017-10-31,1908
2017-11-01,1908
2017-11-02,1870
2017-11-03,1870
2017-11-04,1870
2017-11-05,1870
2017-11-06,1870
2017-11-07,1870
2017-11-08,1870
2017-11-09,1919
2017-11-10,1919
2017-11-11,1919
2017-11-12,1919
2017-11-13,1941
2017-11-14,1868
2017-11-15,1868
2017-11-16,1786
2017-11-17,1764
2017-11-18,1764
2017-11-19,1764
2017-11-20,1764
2017-11-21,1764
2017-11-22,1764
2017-11-23,1940
2017-11-24,1920
2017-11-25,1920
2017-11-26,1920
2017-11-27,1920
2017-11-28,1904
2017-11-29,1904
2017-11-30,1878
2017-12-01,1878
2017-12-02,1878
2017-12-03,1878
2017-12-04,1898
2017-12-05,1898
2017-12-06,1898
2017-12-07,1976
2017-12-08,1976
2017-12-09,1976
2017-12-10,1976
2017-12-11,1976
2017-12-12,1976
2017-12-13,1976
2017-12-14,1920
2017-12-15,1911
2017-12-16,1911
2017-12-17,1911
2017-12-18,1911
2017-12-19,1911
2017-12-20,1953
2017-12-21,1835
2017-12-22,1835
2017-12-23,1835
2017-12-24,1835
2017-12-25,1835
2017-12-26,1856
2017-12-27,1835
2017-12-28,1788
2017-12-29,1788
2017-12-30,1788
2017-12-31,1788
2018-01-01,1788
2018-01-02,1788
2018-01-03,1788
2018-01-04,1819
2018-01-05,1813
2018-01-06,1813
2018-01-07,1813
2018-01-08,1819
2018-01-09,1814
2018-01-10,1814
2018-01-11,1701
2018-01-12,1708
2018-01-13,1708
2018-01-14,1708
2018-01-15,1763
2018-01-16,1745
2018-01-17,1745
2018-01-18,1671
2018-01-19,1671
2018-01-20,1671
2018-01-21,1671
2018-01-22,1671
2018-01-23,1666
2018-01-24,1666
2018-01-25,1623
2018-01-26,1623
2018-01-27,1623
2018-01-28,1623
2018-01-29,1623
2018-01-30,1623
2018-01-31,1623
2018-02-01,1685
2018-02-02,1735
2018-02-03,1735
2018-02-04,1735
2018-02-05,1735
2018-02-06,1735
2018-02-07,1735
2018-02-08,1720
2018-02-09,1743
2018-02-10,1743
2018-02-11,1743
2018-02-12,1718
2018-02-13,1711
2018-02-14,1711
2018-02-15,1711
2018-02-16,1711
2018-02-17,1711
2018-02-18,1711
2018-02-19,1786
2018-02-20,1786
2018-02-21,1786
2018-02-22,1774
2018-02-23,1761
2018-02-24,1761
2018-02-25,1761
2018-02-26,1799
2018-02-27,1799
2018-02-28,1851
2018-03-01,1851
2018-03-02,1739
2018-03-03,1739
2018-03-04,1739
2018-03-05,1776
2018-03-06,1776
2018-03-07,1814
2018-03-08,1788
2018-03-09,1813
2018-03-10,1813
2018-03-11,1813
2018-03-12,1833
2018-03-13,1833
2018-03-14,1813
2018-03-15,1791
2018-03-16,1791
2018-03-17,1791
2018-03-18,1791
2018-03-19,1774
2018-03-20,1774
2018-03-21,1774
2018-03-22,1779
2018-03-23,1779
2018-03-24,1779
2018-03-25,1779
2018-03-26,1791
2018-03-27,1765
2018-03-28,1765
2018-03-29,1761
2018-03-30,1770
2018-03-31,1770
2018-04-01,1770
2018-04-02,1779
2018-04-03,1779
2018-04-04,1779
2018-04-05,1816
2018-04-06,1791
2018-04-07,1791
2018-04-08,1791
2018-04-09,1816
2018-04-10,1816
2018-04-11,1816
2018-04-12,1843
2018-04-13,1843
2018-04-14,1843
2018-04-15,1843
2018-04-16,1843
2018-04-17,1843
2018-04-18,1843
2018-04-19,1765
2018-04-20,1765
2018-04-21,1765
2018-04-22,1765
2018-04-23,1740
2018-04-24,1740
2018-04-25,1740
2018-04-26,1668
2018-04-27,1698
2018-04-28,1698
2018-04-29,1698
2018-04-30,1698
2018-05-01,1698
2018-05-02,1698
2018-05-03,1746
2018-05-04,1746
2018-05-05,1746
2018-05-06,1746
2018-05-07,1746
2018-05-08,1723
2018-05-09,1770
2018-05-10,1745
2018-05-11,1745
2018-05-12,1745
2018-05-13,1745
2018-05-14,1818
2018-05-15,1818
2018-05-16,1818
2018-05-17,1805
2018-05-18,1805
2018-05-19,1805
2018-05-20,1805
2018-05-21,1830
2018-05-22,1830
2018-05-23,1830
2018-05-24,1855
2018-05-25,1893
2018-05-26,1893
2018-05-27,1893
2018-05-28,1835
2018-05-29,1835
2018-05-30,1835
2018-05-31,1823
2018-06-01,1831
2018-06-02,1831
2018-06-03,1831
2018-06-04,1831
2018-06-05,1831
2018-06-06,1831
2018-06-07,1888
2018-06-08,1904
2018-06-09,1904
2018-06-10,1904
2018-06-11,1910
2018-06-12,1910
2018-06-13,1910
2018-06-14,1909
2018-06-15,1950
2018-06-16,1950
2018-06-17,1950
2018-06-18,1970
2018-06-19,1975
2018-06-20,1975
2018-06-21,1976
2018-06-22,2115
2018-06-23,2115
2018-06-24,2115
2018-06-25,2115
2018-06-26,2139
2018-06-27,2115
2018-06-28,2096
2018-06-29,2096
2018-06-30,2096
2018-07-01,2096
2018-07-02,2096
2018-07-03,2109
2018-07-04,2109
2018-07-05,2164
2018-07-06,2184
2018-07-07,2184
2018-07-08,2184
2018-07-09,2198
2018-07-10,2227
2018-07-11,2284
2018-07-12,2256
2018-07-13,2254
2018-07-14,2254
2018-07-15,2254
2018-07-16,2271
2018-07-17,2271
2018-07-18,2271
2018-07-19,2296
2018-07-20,2296
2018-07-21,2296
2018-07-22,2296
2018-07-23,2334
2018-07-24,2334
2018-07-25,2334
2018-07-26,2288
2018-07-27,2288
2018-07-28,2288
2018-07-29,2288
2018-07-30,2288
2018-07-31,2279
2018-08-01,2279
2018-08-02,2179
2018-08-03,2173
2018-08-04,2173
2018-08-05,2173
2018-08-06,2173
2018-08-07,2191
2018-08-08,2228
2018-08-09,2234
2018-08-10,2273
2018-08-11,2273
2018-08-12,2273
2018-08-13,2204
2018-08-14,2204
2018-08-15,2204
2018-08-16,2204
2018-08-17,2199
2018-08-18,2199
2018-08-19,2199
2018-08-20,2174
2018-08-21,2174
2018-08-22,2174
2018-08-23,2185
2018-08-24,2185
2018-08-25,2185
2018-08-26,2185
2018-08-27,2185
2018-08-28,2210
2018-08-29,2210
2018-08-30,2153
2018-08-31,2124
2018-09-01,2124
2018-09-02,2124
2018-09-03,2124
2018-09-04,2124
2018-09-05,2124
2018-09-06,2136
2018-09-07,2129
2018-09-08,2129
2018-09-09,2129
2018-09-10,2129
2018-09-11,2138
2018-09-12,2138
2018-09-13,2175
2018-09-14,2175
2018-09-15,2175
2018-09-16,2175
2018-09-17,2175
2018-09-18,2150
2018-09-19,2150
2018-09-20,2049
2018-09-21,2049
2018-09-22,2049
2018-09-23,2049
2018-09-24,2049
2018-09-25,2049
2018-09-26,2049
2018-09-27,2049
2018-09-28,2049
2018-09-29,2049
2018-09-30,2049
2018-10-01,2073
2018-10-02,2073
2018-10-03,2073
2018-10-04,1951
2018-10-05,1951
2018-10-06,1951
2018-10-07,1951
2018-10-08,1951
2018-10-09,1951
2018-10-10,1948
2018-10-11,1984
2018-10-12,1990
2018-10-13,1990
2018-10-14,1990
2018-10-15,1980
2018-10-16,1980
2018-10-17,1980
2018-10-18,1905
2018-10-19,1905
2018-10-20,1905
2018-10-21,1905
2018-10-22,1905
2018-10-23,1905
2018-10-24,1905
2018-10-25,1874
2018-10-26,1870
2018-10-27,1870
2018-10-28,1870
2018-10-29,1870
2018-10-30,1861
2018-10-31,1861
2018-11-01,1774
2018-11-02,1774
2018-11-03,1774
2018-11-04,1774
2018-11-05,1774
2018-11-06,1761
2018-11-07,1761
2018-11-08,1828
2018-11-09,1803
2018-11-10,1803
2018-11-11,1803
2018-11-12,1803
2018-11-13,1803
2018-11-14,1803
2018-11-15,1750
2018-11-16,1750
2018-11-17,1750
2018-11-18,1750
2018-11-19,1775
2018-11-20,1775
2018-11-21,1775
2018-11-22,1843
2018-11-23,1843
2018-11-24,1843
2018-11-25,1843
2018-11-26,1843
2018-11-27,1843
2018-11-28,1843
2018-11-29,1700
2018-11-30,1700
2018-12-01,1700
2018-12-02,1700
2018-12-03,1700
2018-12-04,1691
2018-12-05,1691
2018-12-06,1674
2018-12-07,1674
2018-12-08,1674
2018-12-09,1674
2018-12-10,1711
2018-12-11,1711
2018-12-12,1711
2018-12-13,1750
2018-12-14,1750
2018-12-15,1750
2018-12-16,1750
2018-12-17,1750
2018-12-18,1750
2018-12-19,1750
2018-12-20,1754
2018-12-21,1763
2018-12-22,1763
2018-12-23,1763
2018-12-24,1849
2018-12-25,1849
2018-12-26,1829
2018-12-27,1703
2018-12-28,1723
2018-12-29,1723
2018-12-30,1723
2018-12-31,1765
2019-01-01,1765
2019-01-02,1708
2019-01-03,1613
2019-01-04,1605
2019-01-05,1605
2019-01-06,1605
2019-01-07,1668
2019-01-08,1668
2019-01-09,1654
2019-01-10,1654
2019-01-11,1654
2019-01-12,1654
2019-01-13,1654
2019-01-14,1691
2019-01-15,1683
2019-01-16,1683
2019-01-17,1645
2019-01-18,1645
2019-01-19,1645
2019-01-20,1645
2019-01-21,1690
2019-01-22,1690
2019-01-23,1690
2019-01-24,1690
2019-01-25,1690
2019-01-26,1690
2019-01-27,1690
2019-01-28,1690
2019-01-29,1690
2019-01-30,1683
2019-01-31,1608
2019-02-01,1608
2019-02-02,1608
2019-02-03,1608
2019-02-04,1608
2019-02-05,1608
2019-02-06,1608
2019-02-07,1633
2019-02-08,1559
2019-02-09,1559
2019-02-10,1559
2019-02-11,1645
2019-02-12,1645
2019-02-13,1645
2019-02-14,1513
2019-02-15,1508
2019-02-16,1508
2019-02-17,1508
2019-02-18,1683
2019-02-19,1683
2019-02-20,1683
2019-02-21,1683
2019-02-22,1695
2019-02-23,1695
2019-02-24,1695
2019-02-25,1695
2019-02-26,1681
2019-02-27,1681
2019-02-28,1530
2019-03-01,1530
2019-03-02,1530
2019-03-03,1530
2019-03-04,1545
2019-03-05,1545
2019-03-06,1545
2019-03-07,1653
2019-03-08,1645
2019-03-09,1645
2019-03-10,1645
2019-03-11,1645
2019-03-12,1645
2019-03-13,1645
2019-03-14,1658
2019-03-15,1669
2019-03-16,1669
2019-03-17,1669
2019-03-18,1669
2019-03-19,1669
2019-03-20,1669
2019-03-21,1681
2019-03-22,1606
2019-03-23,1606
2019-03-24,1606
2019-03-25,1606
2019-03-26,1694
2019-03-27,1694
2019-03-28,1726
2019-03-29,1765
2019-03-30,1765
2019-03-31,1765
2019-04-01,1765
2019-04-02,1788
2019-04-03,1788
2019-04-04,1716
2019-04-05,1730
2019-04-06,1730
2019-04-07,1730
2019-04-08,1730
2019-04-09,1744
2019-04-10,1751
2019-04-11,1814
2019-04-12,1876
2019-04-13,1876
2019-04-14,1876
2019-04-15,1876
2019-04-16,1764
2019-04-17,1876
2019-04-18,1889
2019-04-19,1921
2019-04-20,1921
2019-04-21,1921
2019-04-22,1934
2019-04-23,1934
2019-04-24,1934
2019-04-25,1959
2019-04-26,1979
2019-04-27,1979
2019-04-28,1979
2019-04-29,1979
2019-04-30,1986
2019-05-01,1986
2019-05-02,1909
2019-05-03,1909
2019-05-04,1909
2019-05-05,1909
2019-05-06,1909
2019-05-07,1934
2019-05-08,1934
2019-05-09,1981
2019-05-10,1981
2019-05-11,1981
2019-05-12,1981
2019-05-13,1981
2019-05-14,1981
2019-05-15,1981
2019-05-16,1995
2019-05-17,1995
2019-05-18,1995
2019-05-19,1995
2019-05-20,1956
2019-05-21,1956
2019-05-22,1956
2019-05-23,1955
2019-05-24,1970
2019-05-25,1970
2019-05-26,1970
2019-05-27,1968
2019-05-28,1968
2019-05-29,1968
2019-05-30,1799
2019-05-31,1774
2019-06-01,1774
2019-06-02,1774
2019-06-03,1795
2019-06-04,1795
2019-06-05,1795
2019-06-06,1795
2019-06-07,1889
2019-06-08,1889
2019-06-09,1889
2019-06-10,1889
2019-06-11,1889
2019-06-12,1901
2019-06-13,1948
2019-06-14,1935
2019-06-15,1935
2019-06-16,1935
2019-06-17,1935
2019-06-18,1935
2019-06-19,1935
2019-06-20,1951
2019-06-21,1951
2019-06-22,1951
2019-06-23,1951
2019-06-24,1976
2019-06-25,1973
2019-06-26,1973
2019-06-27,1898
2019-06-28,1885
2019-06-29,1885
2019-06-30,1885
2019-07-01,1885
2019-07-02,1885
2019-07-03,1853
2019-07-04,1866
2019-07-05,1866
2019-07-06,1866
2019-07-07,1866
2019-07-08,1911
2019-07-09,1911
2019-07-10,1911
2019-07-11,1861
2019-07-12,1841
2019-07-13,1841
2019-07-14,1841
2019-07-15,1854
2019-07-16,1854
2019-07-17,1854
2019-07-18,1873
2019-07-19,1910
2019-07-20,1910
2019-07-21,1910
2019-07-22,1910
2019-07-23,1911
2019-07-24,1911
2019-07-25,1848
2019-07-26,1848
2019-07-27,1848
2019-07-28,1848
2019-07-29,1848
2019-07-30,1848
2019-07-31,1848
2019-08-01,1805
2019-08-02,1805
2019-08-03,1805
2019-08-04,1805
2019-08-05,1799
2019-08-06,1876
2019-08-07,1876
2019-08-08,1855
2019-08-09,1855
2019-08-10,1855
2019-08-11,1855
2019-08-12,1855
2019-08-13,1855
2019-08-14,1855
2019-08-15,1855
2019-08-16,1818
2019-08-17,1818
2019-08-18,1818
2019-08-19,1825
2019-08-20,1825
2019-08-21,1825
2019-08-22,1909
2019-08-23,1909
2019-08-24,1909
2019-08-25,1909
2019-08-26,1909
2019-08-27,1909
2019-08-28,1909
2019-08-29,1880
2019-08-30,1880
2019-08-31,1880
2019-09-01,1880
2019-09-02,1880
2019-09-03,1880
2019-09-04,1869
2019-09-05,1939
2019-09-06,1950
2019-09-07,1950
2019-09-08,1950
2019-09-09,1963
2019-09-10,1963
2019-09-11,1963
2019-09-12,1963
2019-09-13,1963
2019-09-14,1963
2019-09-15,1963
2019-09-16,1938
2019-09-17,1975
2019-09-18,1975
2019-09-19,2086
2019-09-20,2075
2019-09-21,2075
2019-09-22,2075
2019-09-23,2106
2019-09-24,2106
2019-09-25,2115
2019-09-26,2128
2019-09-27,2133
2019-09-28,2133
2019-09-29,2133
2019-09-30,2133
2019-10-01,2133
2019-10-02,2133
2019-10-03,2133
2019-10-04,2094
2019-10-05,2094
2019-10-06,2094
2019-10-07,2115
2019-10-08,2048
2019-10-09,2048
2019-10-10,1904
2019-10-11,1861
2019-10-12,1861
2019-10-13,1861
2019-10-14,1839
2019-10-15,1805
2019-10-16,1805
2019-10-17,1720
2019-10-18,1691
2019-10-19,1691
2019-10-20,1691
2019-10-21,1716
2019-10-22,1696
2019-10-23,1696
2019-10-24,1659
2019-10-25,1659
2019-10-26,1659
2019-10-27,1659
2019-10-28,1659
2019-10-29,1655
2019-10-30,1630
2019-10-31,1361
2019-11-01,1361
2019-11-02,1361
2019-11-03,1361
2019-11-04,1361
2019-11-05,1354
2019-11-06,1354
2019-11-07,1566
2019-11-08,1575
2019-11-09,1575
2019-11-10,1575
2019-11-11,1616
2019-11-12,1616
2019-11-13,1616
2019-11-14,1626
2019-11-15,1626
2019-11-16,1626
2019-11-17,1626
2019-11-18,1626
2019-11-19,1626
2019-11-20,1625
2019-11-21,1653
2019-11-22,1653
2019-11-23,1653
2019-11-24,1653
2019-11-25,1723
2019-11-26,1723
2019-11-27,1750
2019-11-28,1701
2019-11-29,1688
2019-11-30,1688
2019-12-01,1688
2019-12-02,1688
2019-12-03,1725
2019-12-04,1725
2019-12-05,1750
2019-12-06,1750
2019-12-07,1750
2019-12-08,1750
2019-12-09,1750
2019-12-10,1750
2019-12-11,1750
2019-12-12,1725
2019-12-13,1725
2019-12-14,1725
2019-12-15,1725
2019-12-16,1725
2019-12-17,1725
2019-12-18,1725
2019-12-19,1688
2019-12-20,1688
2019-12-21,1688
2019-12-22,1688
2019-12-23,1694
2019-12-24,1713
2019-12-25,1713
2019-12-26,1713
2019-12-27,1713
2019-12-28,1713
2019-12-29,1713
2019-12-30,1699
2019-12-31,1693
2020-01-01,1693
2020-01-02,1684
2020-01-03,1671
2020-01-04,1671
2020-01-05,1671
2020-01-06,1675
2020-01-07,1664
2020-01-08,1675
2020-01-09,1649
2020-01-10,1635
2020-01-11,1635
2020-01-12,1635
2020-01-13,1629
2020-01-14,1629
2020-01-15,1629
2020-01-16,1526
2020-01-17,1526
2020-01-18,1526
2020-01-19,1526
2020-01-20,1526
2020-01-21,1526
2020-01-22,1526
2020-01-23,1578
2020-01-24,1578
2020-01-25,1578
2020-01-26,1578
2020-01-27,1578
2020-01-28,1680
2020-01-29,1680
2020-01-30,1569
2020-01-31,1569
2020-02-01,1569
2020-02-02,1569
2020-02-03,1630
2020-02-04,1626
2020-02-05,1626
2020-02-06,1501
2020-02-07,1501
2020-02-08,1501
2020-02-09,1501
2020-02-10,1451
2020-02-11,1451
2020-02-12,1451
2020-02-13,1379
2020-02-14,1330
2020-02-15,1330
2020-02-16,1330
2020-02-17,1391
2020-02-18,1383
2020-02-19,1593
2020-02-20,1638
2020-02-21,1638
2020-02-22,1638
2020-02-23,1638
2020-02-24,1638
2020-02-25,1638
2020-02-26,1638
2020-02-27,1610
2020-02-28,1610
2020-02-29,1610
